{"cameraMode":{"drawMode":0,"name":"Shaded","section":"Shading Mode"},"sceneLighting":false,"audioPlay":false,"sceneViewState":{"showFog":false,"showMaterialUpdate":false,"showSkybox":false,"showFlares":false,"showImageEffects":false,"showParticleSystems":false},"in2DMode":false,"pivot":{"x":9.004802703857422,"y":-5.745122909545898,"z":12.675289154052735},"rotation":{"x":-0.21625608205795289,"y":-0.36808890104293826,"z":0.08843733370304108,"w":-0.9000169634819031},"size":8.109545707702637,"orthographic":false}