{"cameraMode":{"drawMode":0,"name":"Shaded","section":"Shading Mode"},"sceneLighting":false,"audioPlay":false,"sceneViewState":{"showFog":false,"showMaterialUpdate":false,"showSkybox":false,"showFlares":false,"showImageEffects":false,"showParticleSystems":false},"in2DMode":false,"pivot":{"x":243.64369201660157,"y":330.9607238769531,"z":-0.09497225284576416},"rotation":{"x":-0.06566106528043747,"y":-0.37177547812461855,"z":0.02635149657726288,"w":-0.9256715178489685},"size":1.4603371620178223,"orthographic":false}