{"cameraMode":{"drawMode":0,"name":"Shaded","section":"Shading Mode"},"sceneLighting":false,"audioPlay":false,"sceneViewState":{"showFog":false,"showMaterialUpdate":false,"showSkybox":false,"showFlares":false,"showImageEffects":false,"showParticleSystems":false},"in2DMode":false,"pivot":{"x":2.8493497371673586,"y":1.0182790756225587,"z":3.13700008392334},"rotation":{"x":-0.2550719380378723,"y":-0.3006594777107239,"z":0.08380251377820969,"w":-0.9152128100395203},"size":0.8660253882408142,"orthographic":false}