{"cameraMode":{"drawMode":0,"name":"Shaded","section":"Shading Mode"},"sceneLighting":false,"audioPlay":false,"sceneViewState":{"showFog":false,"showMaterialUpdate":false,"showSkybox":false,"showFlares":false,"showImageEffects":false,"showParticleSystems":false},"in2DMode":false,"pivot":{"x":-36.37127685546875,"y":35.050418853759769,"z":-3.8088157176971437},"rotation":{"x":-0.06699997186660767,"y":-0.7335970997810364,"z":0.0730857253074646,"w":-0.6723838448524475},"size":6.828269004821777,"orthographic":false}