{"cameraMode":{"drawMode":0,"name":"Shaded","section":"Shading Mode"},"sceneLighting":true,"audioPlay":false,"sceneViewState":{"showFog":false,"showMaterialUpdate":false,"showSkybox":false,"showFlares":false,"showImageEffects":false,"showParticleSystems":false},"in2DMode":false,"pivot":{"x":2.5334651470184328,"y":0.6797575950622559,"z":-47.91434860229492},"rotation":{"x":-0.3243492841720581,"y":-0.000858658691868186,"z":0.0002956634561996907,"w":-0.9459882378578186},"size":2.378922700881958,"orthographic":false}