{"cameraMode":{"drawMode":0,"name":"Shaded","section":"Shading Mode"},"sceneLighting":false,"audioPlay":false,"sceneViewState":{"showFog":false,"showMaterialUpdate":false,"showSkybox":false,"showFlares":false,"showImageEffects":false,"showParticleSystems":false},"in2DMode":false,"pivot":{"x":2.964963912963867,"y":0.001251220703125,"z":2.7671172618865969},"rotation":{"x":-0.22889676690101624,"y":-0.05488144978880882,"z":0.012907015159726143,"w":-0.971861720085144},"size":2.935882091522217,"orthographic":false}