{"cameraMode":{"drawMode":0,"name":"Shaded","section":"Shading Mode"},"sceneLighting":false,"audioPlay":false,"sceneViewState":{"showFog":false,"showMaterialUpdate":false,"showSkybox":false,"showFlares":false,"showImageEffects":false,"showParticleSystems":false},"in2DMode":false,"pivot":{"x":3.234884262084961,"y":-2.362177610397339,"z":1.3450690507888795},"rotation":{"x":0.20079804956912995,"y":0.5291106700897217,"z":-0.13048166036605836,"w":0.8141179084777832},"size":3.2660250663757326,"orthographic":false}